ts_utc,events_per_min,feature_latency_ms,api_p50_ms,api_p95_ms,queue_lag_events
2025-10-05T19:19:44.660808+00:00,0.0,20,40,85,0
2025-10-05T19:19:45.775010+00:00,559.1,25,42,89,20
2025-10-05T19:19:47.036844+00:00,5702.7,20,52,93,20
2025-10-05T19:19:48.170146+00:00,12715.6,20,52,93,20
2025-10-05T19:19:49.339324+00:00,7251.6,20,52,93,20
2025-10-05T19:19:50.541414+00:00,6371.3,20,52,93,20
2025-10-05T19:19:51.583646+00:00,31711.6,20,52,93,20
2025-10-05T19:19:52.649306+00:00,18468.4,20,52,93,20
2025-10-05T19:19:55.703107+00:00,586.8,20,52,93,40
2025-10-05T19:19:56.815447+00:00,23240.7,20,50,101,19
2025-10-05T19:19:57.824723+00:00,178908.4,40,50,89,0
2025-10-05T19:19:58.827267+00:00,0.0,20,40,85,0
2025-10-05T19:19:59.838229+00:00,0.0,20,40,85,0
2025-10-05T19:20:00.853419+00:00,0.0,20,40,85,0
2025-10-05T19:20:01.868224+00:00,0.0,20,40,85,0
2025-10-05T19:20:02.873501+00:00,0.0,20,40,85,0
2025-10-05T19:20:03.970314+00:00,0.0,20,40,85,0
2025-10-05T19:20:05.000305+00:00,0.0,20,40,85,0
2025-10-05T19:20:06.003618+00:00,0.0,20,40,85,0
2025-10-05T19:20:07.154413+00:00,0.0,20,40,85,0
2025-10-05T19:20:08.182126+00:00,0.0,20,40,85,0
2025-10-05T19:20:09.213841+00:00,0.0,20,40,85,0
2025-10-05T19:20:10.226315+00:00,0.0,20,40,85,0
2025-10-05T19:20:11.245810+00:00,0.0,20,40,85,0
2025-10-05T19:20:12.257235+00:00,0.0,20,40,85,0
2025-10-05T19:20:13.325591+00:00,0.0,20,40,85,0
2025-10-05T19:20:14.332615+00:00,0.0,20,40,85,0
2025-10-05T19:20:15.343840+00:00,0.0,20,40,85,0
2025-10-05T19:20:16.347959+00:00,0.0,20,40,85,0
2025-10-05T19:20:17.362681+00:00,0.0,20,40,85,0
2025-10-05T19:20:18.397673+00:00,0.0,20,40,85,0
2025-10-05T19:20:19.403775+00:00,0.0,20,40,85,0
2025-10-05T19:20:20.411260+00:00,0.0,20,40,85,0
2025-10-05T19:20:21.423037+00:00,0.0,20,40,85,0
2025-10-05T19:20:22.457915+00:00,0.0,20,40,85,0
2025-10-05T19:20:23.472813+00:00,0.0,20,40,85,0
2025-10-05T19:20:24.526589+00:00,0.0,20,40,85,0
2025-10-05T19:20:25.534227+00:00,0.0,20,40,85,0
2025-10-05T19:20:26.538849+00:00,0.0,20,40,85,0
2025-10-05T19:20:27.564079+00:00,0.0,20,40,85,0
2025-10-05T19:20:28.568738+00:00,0.0,20,40,85,0
2025-10-05T19:20:29.576465+00:00,0.0,20,40,85,0
2025-10-05T19:20:30.581238+00:00,0.0,20,40,85,0
2025-10-05T19:20:31.592103+00:00,0.0,20,40,85,0
2025-10-05T19:20:32.597010+00:00,0.0,20,40,85,0
2025-10-05T19:20:33.602486+00:00,0.0,20,40,85,0
2025-10-05T19:20:34.609899+00:00,0.0,20,40,85,0
2025-10-05T19:20:35.617173+00:00,0.0,20,40,85,0
2025-10-05T19:20:36.620921+00:00,0.0,20,40,85,0
2025-10-05T19:20:37.626818+00:00,0.0,20,40,85,0
2025-10-05T19:20:38.633600+00:00,0.0,20,40,85,0
2025-10-05T19:20:39.639217+00:00,0.0,20,40,85,0
2025-10-05T19:20:40.645759+00:00,0.0,20,40,85,0
2025-10-05T19:20:41.649767+00:00,0.0,20,40,85,0
2025-10-05T19:20:42.655401+00:00,0.0,20,40,85,0
2025-10-05T19:20:43.660929+00:00,0.0,20,40,85,0
2025-10-05T19:20:44.666532+00:00,0.0,20,40,85,0
2025-10-05T19:20:45.673273+00:00,0.0,20,40,85,0
2025-10-05T19:20:46.678730+00:00,0.0,20,40,85,0
2025-10-05T19:20:47.684391+00:00,0.0,20,40,85,0
2025-10-05T19:20:48.690177+00:00,0.0,20,40,85,0
2025-10-05T19:20:49.695674+00:00,0.0,20,40,85,0
2025-10-05T19:20:50.702708+00:00,0.0,20,40,85,0
2025-10-05T19:20:51.708685+00:00,0.0,20,40,85,0
2025-10-05T19:20:52.717005+00:00,0.0,20,40,85,0
2025-10-05T19:20:53.722246+00:00,0.0,20,40,85,0
2025-10-05T19:20:54.727934+00:00,0.0,20,40,85,0
2025-10-05T19:20:55.733942+00:00,0.0,20,40,85,0
2025-10-05T19:20:56.736409+00:00,0.0,20,40,85,0
2025-10-05T19:20:57.742824+00:00,0.0,20,40,85,0
2025-10-05T19:20:58.749493+00:00,0.0,20,40,85,0
2025-10-05T19:20:59.753858+00:00,0.0,20,40,85,0
2025-10-05T19:21:00.758126+00:00,0.0,20,40,85,0
2025-10-05T19:21:01.764549+00:00,0.0,20,40,85,0
2025-10-05T19:21:02.768375+00:00,0.0,20,40,85,0
2025-10-05T19:21:03.774910+00:00,0.0,20,40,85,0
2025-10-05T19:21:04.782007+00:00,0.0,20,40,85,0
2025-10-05T19:21:05.787102+00:00,0.0,20,40,85,0
2025-10-05T19:21:06.792914+00:00,0.0,20,40,85,0
2025-10-05T19:21:07.804028+00:00,0.0,20,40,85,0
2025-10-05T19:21:08.811379+00:00,0.0,20,40,85,0
2025-10-05T19:21:09.812878+00:00,0.0,20,40,85,0
2025-10-05T19:21:10.818452+00:00,0.0,20,40,85,0
2025-10-05T19:21:11.824225+00:00,0.0,20,40,85,0
2025-10-05T19:21:12.829989+00:00,0.0,20,40,85,0
2025-10-05T19:21:13.833147+00:00,0.0,20,40,85,0
2025-10-05T19:21:14.838897+00:00,0.0,20,40,85,0
2025-10-05T19:21:15.843924+00:00,0.0,20,40,85,0
2025-10-05T19:21:16.845642+00:00,0.0,20,40,85,0
2025-10-05T19:21:17.851178+00:00,0.0,20,40,85,0
2025-10-05T19:21:18.857029+00:00,0.0,20,40,85,0
2025-10-05T19:21:19.862709+00:00,0.0,20,40,85,0
2025-10-05T19:21:20.870281+00:00,0.0,20,40,85,0
2025-10-05T19:21:21.876043+00:00,0.0,20,40,85,0
2025-10-05T19:21:22.881578+00:00,0.0,20,40,85,0
2025-10-05T19:21:23.885872+00:00,0.0,20,40,85,0
2025-10-05T19:21:24.889596+00:00,0.0,20,40,85,0
2025-10-05T19:21:25.895288+00:00,0.0,20,40,85,0
2025-10-05T19:21:26.900931+00:00,0.0,20,40,85,0
2025-10-05T19:21:27.917052+00:00,0.0,20,40,85,0
2025-10-05T19:21:28.923049+00:00,0.0,20,40,85,0
2025-10-05T19:21:29.930277+00:00,0.0,20,40,85,0
2025-10-05T19:21:30.936296+00:00,0.0,20,40,85,0
2025-10-05T19:21:31.941826+00:00,0.0,20,40,85,0
2025-10-05T19:21:32.949165+00:00,0.0,20,40,85,0
2025-10-05T19:21:33.955133+00:00,0.0,20,40,85,0
2025-10-05T19:21:34.961492+00:00,0.0,20,40,85,0
2025-10-05T19:21:35.967718+00:00,0.0,20,40,85,0
2025-10-05T19:21:36.969829+00:00,0.0,20,40,85,0
2025-10-05T19:21:37.975453+00:00,0.0,20,40,85,0
2025-10-05T19:21:38.981766+00:00,0.0,20,40,85,0
2025-10-05T19:21:39.987534+00:00,0.0,20,40,85,0
2025-10-05T19:21:40.993034+00:00,0.0,20,40,85,0
2025-10-05T19:21:42.000429+00:00,0.0,20,40,85,0
2025-10-05T19:21:43.003749+00:00,0.0,20,40,85,0
2025-10-05T19:21:44.009304+00:00,0.0,20,40,85,0
2025-10-05T19:21:45.016297+00:00,0.0,20,40,85,0
2025-10-05T19:21:46.018552+00:00,0.0,20,40,85,0
2025-10-05T19:21:47.024027+00:00,0.0,20,40,85,0
2025-10-05T19:21:48.030108+00:00,0.0,20,40,85,0
2025-10-05T19:21:49.035844+00:00,0.0,20,40,85,0
2025-10-05T19:21:50.041560+00:00,0.0,20,40,85,0
2025-10-05T19:21:51.048183+00:00,0.0,20,40,85,0
2025-10-05T19:21:52.054012+00:00,0.0,20,40,85,0
2025-10-05T19:21:53.059782+00:00,0.0,20,40,85,0
2025-10-05T19:21:54.065281+00:00,0.0,20,40,85,0
2025-10-05T19:21:55.070960+00:00,0.0,20,40,85,0
2025-10-05T19:21:56.076561+00:00,0.0,20,40,85,0
2025-10-05T19:21:57.082991+00:00,0.0,20,40,85,0
2025-10-05T19:21:58.088700+00:00,0.0,20,40,85,0
2025-10-05T19:21:59.094564+00:00,0.0,20,40,85,0
2025-10-05T19:22:00.100599+00:00,0.0,20,40,85,0
2025-10-05T19:22:01.106141+00:00,0.0,20,40,85,0
2025-10-05T19:22:02.111794+00:00,0.0,20,40,85,0
2025-10-05T19:22:03.117304+00:00,0.0,20,40,85,0
2025-10-05T19:22:04.123634+00:00,0.0,20,40,85,0
2025-10-05T19:22:05.131208+00:00,0.0,20,40,85,0
2025-10-05T19:22:06.139677+00:00,0.0,20,40,85,0
2025-10-05T19:22:07.144642+00:00,0.0,20,40,85,0
2025-10-05T19:22:08.151245+00:00,0.0,20,40,85,0
2025-10-05T19:22:09.153758+00:00,0.0,20,40,85,0
2025-10-05T19:22:10.159234+00:00,0.0,20,40,85,0
2025-10-05T19:22:11.165076+00:00,0.0,20,40,85,0
2025-10-05T19:22:12.170670+00:00,0.0,20,40,85,0
2025-10-05T19:22:13.175420+00:00,0.0,20,40,85,0
2025-10-05T19:22:14.181383+00:00,0.0,20,40,85,0
2025-10-05T19:22:15.187209+00:00,0.0,20,40,85,0
2025-10-05T19:22:16.192722+00:00,0.0,20,40,85,0
2025-10-05T19:22:17.202539+00:00,0.0,20,40,85,0
2025-10-05T19:22:18.203373+00:00,0.0,20,40,85,0
2025-10-05T19:22:19.204037+00:00,0.0,20,40,85,0
2025-10-05T19:22:20.211332+00:00,0.0,20,40,85,0
2025-10-05T19:22:21.222480+00:00,0.0,20,40,85,0
2025-10-05T19:22:22.229870+00:00,0.0,20,40,85,0
2025-10-05T19:22:23.232064+00:00,0.0,20,40,85,0
2025-10-05T19:22:24.232847+00:00,0.0,20,40,85,0
2025-10-05T19:22:25.238057+00:00,0.0,20,40,85,0
2025-10-05T19:22:26.239219+00:00,0.0,20,40,85,0
2025-10-05T19:22:27.244648+00:00,0.0,20,40,85,0
2025-10-05T19:22:28.251268+00:00,0.0,20,40,85,0
2025-10-05T19:22:29.257701+00:00,0.0,20,40,85,0
2025-10-05T19:22:30.263262+00:00,0.0,20,40,85,0
2025-10-05T19:22:31.269487+00:00,0.0,20,40,85,0
2025-10-05T19:22:32.275183+00:00,0.0,20,40,85,0
2025-10-05T19:22:33.280669+00:00,0.0,20,40,85,0
2025-10-05T19:22:34.286643+00:00,0.0,20,40,85,0
2025-10-05T19:22:35.292579+00:00,0.0,20,40,85,0
2025-10-05T19:22:36.298620+00:00,0.0,20,40,85,0
2025-10-05T19:22:37.306846+00:00,0.0,20,40,85,0
2025-10-05T19:22:38.312845+00:00,0.0,20,40,85,0
2025-10-05T19:22:39.318194+00:00,0.0,20,40,85,0
2025-10-05T19:22:40.325077+00:00,0.0,20,40,85,0
2025-10-05T19:22:41.330841+00:00,0.0,20,40,85,0
2025-10-05T19:22:42.336357+00:00,0.0,20,40,85,0
2025-10-05T19:22:43.341832+00:00,0.0,20,40,85,0
2025-10-05T19:22:44.348762+00:00,0.0,20,40,85,0
2025-10-05T19:22:45.350588+00:00,0.0,20,40,85,0
2025-10-05T19:22:46.356289+00:00,0.0,20,40,85,0
2025-10-05T19:22:47.363803+00:00,0.0,20,40,85,0
2025-10-05T19:22:48.366272+00:00,0.0,20,40,85,0
2025-10-05T19:22:49.371824+00:00,0.0,20,40,85,0
2025-10-05T19:22:50.377501+00:00,0.0,20,40,85,0
2025-10-05T19:22:51.384633+00:00,0.0,20,40,85,0
2025-10-05T19:22:52.390468+00:00,0.0,20,40,85,0
2025-10-05T19:22:53.396379+00:00,0.0,20,40,85,0
2025-10-05T19:22:54.399474+00:00,0.0,20,40,85,0
2025-10-05T19:22:55.404999+00:00,0.0,20,40,85,0
2025-10-05T19:22:56.416376+00:00,0.0,20,40,85,0
2025-10-05T19:22:57.427602+00:00,0.0,20,40,85,0
2025-10-05T19:22:58.433055+00:00,0.0,20,40,85,0
2025-10-05T19:22:59.438581+00:00,0.0,20,40,85,0
2025-10-05T19:23:00.444458+00:00,0.0,20,40,85,0
2025-10-05T19:23:01.450203+00:00,0.0,20,40,85,0
2025-10-05T19:23:02.455818+00:00,0.0,20,40,85,0
2025-10-05T19:23:03.460889+00:00,0.0,20,40,85,0
2025-10-05T19:23:04.465983+00:00,0.0,20,40,85,0
2025-10-05T19:23:05.467061+00:00,0.0,20,40,85,0
2025-10-05T19:23:06.474162+00:00,0.0,20,40,85,0
2025-10-05T19:23:07.475063+00:00,0.0,20,40,85,0
2025-10-05T19:23:08.480788+00:00,0.0,20,40,85,0
2025-10-05T19:23:09.483601+00:00,0.0,20,40,85,0
2025-10-05T19:23:10.489459+00:00,0.0,20,40,85,0
2025-10-05T19:23:11.495040+00:00,0.0,20,40,85,0
2025-10-05T19:23:12.500545+00:00,0.0,20,40,85,0
2025-10-05T19:23:13.506717+00:00,0.0,20,40,85,0
2025-10-05T19:23:14.507878+00:00,0.0,20,40,85,0
2025-10-05T19:23:15.512044+00:00,0.0,20,40,85,0
2025-10-05T19:23:16.516868+00:00,0.0,20,40,85,0
2025-10-05T19:23:17.521255+00:00,0.0,20,40,85,0
2025-10-05T19:23:18.526850+00:00,0.0,20,40,85,0
2025-10-05T19:23:19.532021+00:00,0.0,20,40,85,0
2025-10-05T19:23:20.533010+00:00,0.0,20,40,85,0
2025-10-05T19:23:21.539369+00:00,0.0,20,40,85,0
2025-10-05T19:23:22.545561+00:00,0.0,20,40,85,0
2025-10-05T19:23:23.549832+00:00,0.0,20,40,85,0
2025-10-05T19:23:24.555393+00:00,0.0,20,40,85,0
2025-10-05T19:23:25.560968+00:00,0.0,20,40,85,0
2025-10-05T19:23:26.566329+00:00,0.0,20,40,85,0
2025-10-05T19:23:27.572014+00:00,0.0,20,40,85,0
2025-10-05T19:23:28.579099+00:00,0.0,20,40,85,0
2025-10-05T19:23:29.584727+00:00,0.0,20,40,85,0
2025-10-05T19:23:30.590298+00:00,0.0,20,40,85,0
2025-10-05T19:23:31.592073+00:00,0.0,20,40,85,0
2025-10-05T19:23:32.597891+00:00,0.0,20,40,85,0
2025-10-05T19:23:33.604465+00:00,0.0,20,40,85,0
2025-10-05T19:23:34.610247+00:00,0.0,20,40,85,0
2025-10-05T19:23:35.616335+00:00,0.0,20,40,85,0
2025-10-05T19:23:36.624033+00:00,0.0,20,40,85,0
2025-10-05T19:23:37.691465+00:00,0.0,20,40,85,0
2025-10-05T19:23:38.700016+00:00,0.0,20,40,85,0
2025-10-05T19:23:39.711358+00:00,0.0,20,40,85,0
2025-10-05T19:23:40.717141+00:00,0.0,20,40,85,0
2025-10-05T19:23:41.722451+00:00,0.0,20,40,85,0
2025-10-05T19:23:42.725718+00:00,0.0,20,40,85,0
2025-10-05T19:23:43.728732+00:00,0.0,20,40,85,0
2025-10-05T19:23:44.732120+00:00,0.0,20,40,85,0
2025-10-05T19:23:45.737951+00:00,0.0,20,40,85,0
2025-10-05T19:23:46.743527+00:00,0.0,20,40,85,0
2025-10-05T19:23:47.749606+00:00,0.0,20,40,85,0
2025-10-05T19:23:48.755404+00:00,0.0,20,40,85,0
2025-10-05T19:23:49.762210+00:00,0.0,20,40,85,0
2025-10-05T19:23:50.765416+00:00,0.0,20,40,85,0
2025-10-05T19:23:51.779792+00:00,0.0,20,40,85,0
2025-10-05T19:23:52.821558+00:00,0.0,20,40,85,0
2025-10-05T19:23:53.850475+00:00,0.0,20,40,85,0
2025-10-05T19:23:54.861475+00:00,0.0,20,40,85,0
2025-10-05T19:23:55.881396+00:00,0.0,20,40,85,0
2025-10-05T19:23:56.898213+00:00,0.0,20,40,85,0
2025-10-05T19:23:57.906128+00:00,0.0,20,40,85,0
2025-10-05T19:23:58.916140+00:00,0.0,20,40,85,0
2025-10-05T19:23:59.924165+00:00,0.0,20,40,85,0
2025-10-05T19:24:00.939123+00:00,0.0,20,40,85,0
2025-10-05T19:24:02.020942+00:00,0.0,20,40,85,0
2025-10-05T19:24:03.037867+00:00,0.0,20,40,85,0
2025-10-05T19:24:04.045647+00:00,0.0,20,40,85,0
2025-10-05T19:24:05.063595+00:00,0.0,20,40,85,0
2025-10-05T19:24:06.072497+00:00,0.0,20,40,85,0
2025-10-05T19:24:07.074885+00:00,0.0,20,40,85,0
2025-10-05T19:24:08.080612+00:00,0.0,20,40,85,0
2025-10-05T19:24:09.092898+00:00,0.0,20,40,85,0
2025-10-05T19:24:10.121867+00:00,0.0,20,40,85,0
2025-10-05T19:24:11.129516+00:00,0.0,20,40,85,0
2025-10-05T19:24:12.142313+00:00,0.0,20,40,85,0
2025-10-05T19:24:13.163791+00:00,0.0,20,40,85,0
2025-10-05T19:24:14.170792+00:00,0.0,20,40,85,0
2025-10-05T19:24:15.174304+00:00,0.0,20,40,85,0
2025-10-05T19:24:16.200537+00:00,0.0,20,40,85,0
2025-10-05T19:24:17.207884+00:00,0.0,20,40,85,0
2025-10-05T19:24:18.209365+00:00,0.0,20,40,85,0
2025-10-05T19:24:19.215015+00:00,0.0,20,40,85,0
2025-10-05T19:24:20.220682+00:00,0.0,20,40,85,0
2025-10-05T19:24:21.227714+00:00,0.0,20,40,85,0
2025-10-05T19:24:22.234854+00:00,0.0,20,40,85,0
2025-10-05T19:24:23.237319+00:00,0.0,20,40,85,0
2025-10-05T19:24:24.243728+00:00,0.0,20,40,85,0
2025-10-05T19:24:25.247987+00:00,0.0,20,40,85,0
2025-10-05T19:24:26.249493+00:00,0.0,20,40,85,0
2025-10-05T19:24:27.259810+00:00,0.0,20,40,85,0
2025-10-05T19:24:28.267192+00:00,0.0,20,40,85,0
2025-10-05T19:24:29.273067+00:00,0.0,20,40,85,0
2025-10-05T19:24:30.278094+00:00,0.0,20,40,85,0
2025-10-05T19:24:31.295181+00:00,0.0,20,40,85,0
2025-10-05T19:24:32.301787+00:00,0.0,20,40,85,0
2025-10-05T19:24:33.311228+00:00,0.0,20,40,85,0
2025-10-05T19:24:34.322463+00:00,0.0,20,40,85,0
2025-10-05T19:24:35.342461+00:00,0.0,20,40,85,0
2025-10-05T19:24:36.355370+00:00,0.0,20,40,85,0
2025-10-05T19:24:37.368323+00:00,0.0,20,40,85,0
2025-10-05T19:24:38.393839+00:00,0.0,20,40,85,0
2025-10-05T19:24:39.424998+00:00,0.0,20,40,85,0
2025-10-05T19:24:40.450184+00:00,0.0,20,40,85,0
2025-10-05T19:24:41.481394+00:00,0.0,20,40,85,0
2025-10-05T19:24:42.489258+00:00,0.0,20,40,85,0
2025-10-05T19:24:43.507939+00:00,0.0,20,40,85,0
2025-10-05T19:24:44.518452+00:00,0.0,20,40,85,0
2025-10-05T19:24:45.526077+00:00,0.0,20,40,85,0
2025-10-05T19:24:46.534042+00:00,0.0,20,40,85,0
2025-10-05T19:24:47.540247+00:00,0.0,20,40,85,0
2025-10-05T19:24:48.597361+00:00,0.0,20,40,85,0
2025-10-05T19:24:49.612834+00:00,0.0,20,40,85,0
2025-10-05T19:24:50.626874+00:00,0.0,20,40,85,0
2025-10-05T19:24:51.655524+00:00,0.0,20,40,85,0
2025-10-05T19:24:52.674903+00:00,0.0,20,40,85,0
2025-10-05T19:24:53.677726+00:00,0.0,20,40,85,0
2025-10-05T19:24:54.699574+00:00,0.0,20,40,85,0
2025-10-05T19:24:55.714488+00:00,0.0,20,40,85,0
2025-10-05T19:24:56.735689+00:00,0.0,20,40,85,0
2025-10-05T19:24:57.994442+00:00,0.0,20,40,85,0
2025-10-05T19:24:58.999019+00:00,0.0,20,40,85,0
2025-10-05T19:25:00.009326+00:00,0.0,20,40,85,0
2025-10-05T19:25:01.020453+00:00,0.0,20,40,85,0
2025-10-05T19:25:02.029254+00:00,0.0,20,40,85,0
2025-10-05T19:25:03.034949+00:00,0.0,20,40,85,0
2025-10-05T19:25:04.045552+00:00,0.0,20,40,85,0
2025-10-05T19:25:05.053440+00:00,0.0,20,40,85,0
2025-10-05T19:25:06.063727+00:00,0.0,20,40,85,0
2025-10-05T19:25:07.076302+00:00,0.0,20,40,85,0
2025-10-05T19:25:08.087769+00:00,0.0,20,40,85,0
2025-10-05T19:25:09.154493+00:00,0.0,20,40,85,0
2025-10-05T19:25:10.161731+00:00,0.0,20,40,85,0
2025-10-05T19:25:11.203287+00:00,0.0,20,40,85,0
2025-10-05T19:25:12.219287+00:00,0.0,20,40,85,0
2025-10-05T19:25:13.226903+00:00,0.0,20,40,85,0
2025-10-05T19:25:14.231609+00:00,0.0,20,40,85,0
2025-10-05T19:25:15.252059+00:00,0.0,20,40,85,0
2025-10-05T19:25:16.263681+00:00,0.0,20,40,85,0
2025-10-05T19:25:17.268732+00:00,0.0,20,40,85,0
2025-10-05T19:25:18.273606+00:00,0.0,20,40,85,0
2025-10-05T19:25:19.277373+00:00,0.0,20,40,85,0
2025-10-05T19:25:20.283277+00:00,0.0,20,40,85,0
2025-10-05T19:25:21.291226+00:00,0.0,20,40,85,0
2025-10-05T19:25:22.299618+00:00,0.0,20,40,85,0
2025-10-05T19:25:23.304293+00:00,0.0,20,40,85,0
2025-10-05T19:25:24.315605+00:00,0.0,20,40,85,0
2025-10-05T19:25:25.316693+00:00,0.0,20,40,85,0
2025-10-05T19:25:26.322127+00:00,0.0,20,40,85,0
2025-10-05T19:25:27.329698+00:00,0.0,20,40,85,0
2025-10-05T19:25:28.337976+00:00,0.0,20,40,85,0
2025-10-05T19:25:29.343646+00:00,0.0,20,40,85,0
2025-10-05T19:25:30.350639+00:00,0.0,20,40,85,0
2025-10-05T19:25:31.356183+00:00,0.0,20,40,85,0
2025-10-05T19:25:32.362764+00:00,0.0,20,40,85,0
2025-10-05T19:25:33.371556+00:00,0.0,20,40,85,0
2025-10-05T19:25:34.376532+00:00,0.0,20,40,85,0
2025-10-05T19:25:35.380454+00:00,0.0,20,40,85,0
2025-10-05T19:25:36.386231+00:00,0.0,20,40,85,0
2025-10-05T19:25:37.391998+00:00,0.0,20,40,85,0
2025-10-05T19:25:38.399219+00:00,0.0,20,40,85,0
2025-10-05T19:25:39.405065+00:00,0.0,20,40,85,0
2025-10-05T19:25:40.409450+00:00,0.0,20,40,85,0
2025-10-05T19:25:41.415148+00:00,0.0,20,40,85,0
2025-10-05T19:25:42.423476+00:00,0.0,20,40,85,0
2025-10-05T19:25:43.427808+00:00,0.0,20,40,85,0
2025-10-05T19:25:44.444085+00:00,0.0,20,40,85,0
2025-10-05T19:25:45.458145+00:00,0.0,20,40,85,0
2025-10-05T19:26:02.423993+00:00,0.0,20,40,85,0
2025-10-05T19:26:03.537769+00:00,555.7,25,42,89,20
2025-10-05T19:26:04.597729+00:00,21575.4,20,52,93,20
2025-10-05T19:26:05.695487+00:00,12868.8,20,52,93,20
2025-10-05T19:26:06.771876+00:00,17051.7,20,52,93,20
2025-10-05T19:26:07.828323+00:00,23245.4,20,52,93,20
2025-10-05T19:26:08.981497+00:00,8193.4,20,52,93,20
2025-10-05T19:26:10.110919+00:00,18876.4,20,50,101,0
2025-10-05T19:26:11.139640+00:00,0.0,20,40,85,0
2025-10-05T19:26:12.267745+00:00,9716.9,20,52,93,20
2025-10-05T19:26:13.360847+00:00,13120.2,20,52,93,19
2025-10-05T19:26:14.398537+00:00,34111.2,40,50,89,0
2025-10-05T19:26:15.405633+00:00,0.0,20,40,85,0
2025-10-05T19:26:16.409170+00:00,0.0,20,40,85,0
2025-10-05T19:26:17.417188+00:00,0.0,20,40,85,0
2025-10-05T19:26:18.423951+00:00,0.0,20,40,85,0
2025-10-05T19:26:19.612188+00:00,0.0,20,40,85,0
2025-10-05T19:26:20.627536+00:00,0.0,20,40,85,0
2025-10-05T19:26:21.650647+00:00,0.0,20,40,85,0
2025-10-05T19:26:22.662192+00:00,0.0,20,40,85,0
2025-10-05T19:26:23.693491+00:00,0.0,20,40,85,0
2025-10-05T19:26:24.711759+00:00,0.0,20,40,85,0
2025-10-05T19:26:25.724632+00:00,0.0,20,40,85,0
2025-10-05T19:26:26.729587+00:00,0.0,20,40,85,0
2025-10-05T19:26:27.736570+00:00,0.0,20,40,85,0
2025-10-05T19:26:28.740632+00:00,0.0,20,40,85,0
2025-10-05T19:26:29.764271+00:00,0.0,20,40,85,0
2025-10-05T19:26:30.772178+00:00,0.0,20,40,85,0
2025-10-05T19:26:31.783350+00:00,0.0,20,40,85,0
2025-10-05T19:26:32.794881+00:00,0.0,20,40,85,0
2025-10-05T19:26:33.796776+00:00,0.0,20,40,85,0
2025-10-05T19:26:34.814741+00:00,0.0,20,40,85,0
2025-10-05T19:26:35.820772+00:00,0.0,20,40,85,0
2025-10-05T19:26:36.833115+00:00,0.0,20,40,85,0
2025-10-05T19:26:37.838238+00:00,0.0,20,40,85,0
2025-10-05T19:26:38.844544+00:00,0.0,20,40,85,0
2025-10-05T19:26:39.852318+00:00,0.0,20,40,85,0
2025-10-05T19:26:40.863503+00:00,0.0,20,40,85,0
2025-10-05T19:26:41.880600+00:00,0.0,20,40,85,0
2025-10-05T19:26:42.887715+00:00,0.0,20,40,85,0
2025-10-05T19:26:43.893753+00:00,0.0,20,40,85,0
2025-10-05T19:26:44.899321+00:00,0.0,20,40,85,0
2025-10-05T19:26:45.904026+00:00,0.0,20,40,85,0
2025-10-05T19:26:46.911325+00:00,0.0,20,40,85,0
2025-10-05T19:26:47.917709+00:00,0.0,20,40,85,0
2025-10-05T19:26:48.923095+00:00,0.0,20,40,85,0
2025-10-05T19:26:49.929670+00:00,0.0,20,40,85,0
2025-10-05T19:26:50.935628+00:00,0.0,20,40,85,0
2025-10-05T19:26:51.942194+00:00,0.0,20,40,85,0
2025-10-05T19:26:52.949788+00:00,0.0,20,40,85,0
2025-10-05T19:26:53.953569+00:00,0.0,20,40,85,0
2025-10-05T19:26:54.962261+00:00,0.0,20,40,85,0
2025-10-05T19:26:55.970007+00:00,0.0,20,40,85,0
2025-10-05T19:26:57.006810+00:00,0.0,20,40,85,0
2025-10-05T19:26:58.013967+00:00,0.0,20,40,85,0
2025-10-05T19:27:39.010996+00:00,0.0,20,40,85,0
2025-10-05T19:27:40.113187+00:00,631.6,25,42,89,20
2025-10-05T19:27:41.190834+00:00,16433.6,20,52,93,20
2025-10-05T19:27:42.263976+00:00,17131.1,20,52,93,20
2025-10-05T19:27:43.373781+00:00,11827.6,20,52,93,20
2025-10-05T19:27:44.514401+00:00,8687.6,20,52,93,20
2025-10-05T19:27:45.608563+00:00,33947.7,20,50,101,0
2025-10-05T19:27:46.639705+00:00,0.0,20,40,85,0
2025-10-05T19:27:47.865565+00:00,5383.7,20,52,93,20
2025-10-05T19:27:48.929527+00:00,23964.1,20,52,93,20
2025-10-05T19:27:51.333357+00:00,856.4,20,52,93,19
2025-10-05T19:27:52.347379+00:00,131021.7,40,50,89,0
2025-10-05T19:27:53.355480+00:00,0.0,20,40,85,0
2025-10-05T19:27:54.387828+00:00,0.0,20,40,85,0
2025-10-05T19:27:55.402172+00:00,0.0,20,40,85,0
2025-10-05T19:27:56.451016+00:00,0.0,20,40,85,0
2025-10-05T19:27:57.589128+00:00,0.0,20,40,85,0
2025-10-05T19:27:58.620718+00:00,0.0,20,40,85,0
2025-10-05T19:27:59.634340+00:00,0.0,20,40,85,0
2025-10-05T19:28:00.647303+00:00,0.0,20,40,85,0
2025-10-05T19:28:01.658710+00:00,0.0,20,40,85,0
2025-10-05T19:28:02.664507+00:00,0.0,20,40,85,0
2025-10-05T19:28:03.675479+00:00,0.0,20,40,85,0
2025-10-05T19:28:04.680622+00:00,0.0,20,40,85,0
2025-10-05T19:28:05.686654+00:00,0.0,20,40,85,0
2025-10-05T19:28:06.693251+00:00,0.0,20,40,85,0
2025-10-05T19:28:07.699614+00:00,0.0,20,40,85,0
2025-10-05T19:28:08.703011+00:00,0.0,20,40,85,0
2025-10-05T19:28:09.709098+00:00,0.0,20,40,85,0
2025-10-05T19:28:10.721317+00:00,0.0,20,40,85,0
2025-10-05T19:28:11.755329+00:00,0.0,20,40,85,0
2025-10-05T19:28:12.762309+00:00,0.0,20,40,85,0
2025-10-05T19:28:13.770753+00:00,0.0,20,40,85,0
2025-10-05T19:28:14.778020+00:00,0.0,20,40,85,0
2025-10-05T19:28:15.786014+00:00,0.0,20,40,85,0
2025-10-05T19:28:16.791995+00:00,0.0,20,40,85,0
2025-10-05T19:28:17.800937+00:00,0.0,20,40,85,0
2025-10-05T19:28:18.804676+00:00,0.0,20,40,85,0
2025-10-05T19:28:19.806379+00:00,0.0,20,40,85,0
2025-10-05T19:28:20.810444+00:00,0.0,20,40,85,0
2025-10-05T19:28:21.816914+00:00,0.0,20,40,85,0
2025-10-05T19:28:22.822747+00:00,0.0,20,40,85,0
2025-10-05T19:28:23.830106+00:00,0.0,20,40,85,0
2025-10-05T19:28:24.831355+00:00,0.0,20,40,85,0
2025-10-05T19:28:25.837704+00:00,0.0,20,40,85,0
2025-10-05T19:28:26.843266+00:00,0.0,20,40,85,0
2025-10-05T19:28:27.844723+00:00,0.0,20,40,85,0
2025-10-05T19:28:28.852060+00:00,0.0,20,40,85,0
2025-10-05T19:28:29.856391+00:00,0.0,20,40,85,0
2025-10-05T19:28:30.859138+00:00,0.0,20,40,85,0
2025-10-05T19:28:31.862388+00:00,0.0,20,40,85,0
2025-10-05T19:28:32.864884+00:00,0.0,20,40,85,0
2025-10-05T19:28:33.870439+00:00,0.0,20,40,85,0
2025-10-05T19:28:34.874277+00:00,0.0,20,40,85,0
2025-10-05T19:28:35.882635+00:00,0.0,20,40,85,0
2025-10-05T19:28:36.885656+00:00,0.0,20,40,85,0
2025-10-05T19:29:19.657169+00:00,0.0,20,40,85,0
2025-10-05T19:29:20.759179+00:00,611.7,25,42,89,20
2025-10-05T19:29:21.830801+00:00,18112.9,20,52,93,20
2025-10-05T19:29:22.949300+00:00,10553.5,20,52,93,20
2025-10-05T19:29:24.007692+00:00,22991.1,20,52,93,20
2025-10-05T19:29:25.135190+00:00,9681.2,20,52,93,20
2025-10-05T19:29:26.220699+00:00,16210.5,20,52,93,20
2025-10-05T19:29:27.308218+00:00,13840.5,20,52,93,20
2025-10-05T19:29:28.407069+00:00,12796.3,20,52,93,20
2025-10-05T19:29:29.476522+00:00,17600.3,20,52,93,20
2025-10-05T19:29:30.546003+00:00,18648.9,20,52,93,19
2025-10-05T19:29:31.551703+00:00,292679.6,40,50,89,0
2025-10-05T19:29:32.557469+00:00,0.0,20,40,85,0
2025-10-05T19:29:33.564448+00:00,0.0,20,40,85,0
2025-10-05T19:29:34.576344+00:00,0.0,20,40,85,0
2025-10-05T19:29:35.582952+00:00,0.0,20,40,85,0
2025-10-05T19:29:36.589103+00:00,0.0,20,40,85,0
2025-10-05T19:29:37.591714+00:00,0.0,20,40,85,0
2025-10-05T19:29:38.593116+00:00,0.0,20,40,85,0
2025-10-05T19:29:39.599912+00:00,0.0,20,40,85,0
2025-10-05T19:29:40.605789+00:00,0.0,20,40,85,0
2025-10-05T19:29:41.611589+00:00,0.0,20,40,85,0
2025-10-05T19:29:42.614079+00:00,0.0,20,40,85,0
2025-10-05T19:29:43.618494+00:00,0.0,20,40,85,0
2025-10-05T19:29:44.619907+00:00,0.0,20,40,85,0
2025-10-05T19:31:49.461189+00:00,0.0,20,40,85,0
2025-10-05T19:31:50.587900+00:00,494.0,25,42,89,20
2025-10-05T19:31:51.655529+00:00,18777.8,20,52,93,20
2025-10-05T19:31:52.728047+00:00,16714.0,20,52,93,20
2025-10-05T19:31:53.801592+00:00,17301.3,20,52,93,20
2025-10-05T19:31:54.912923+00:00,15934.1,20,52,93,20
2025-10-05T19:31:55.995413+00:00,16665.3,20,52,93,20
2025-10-05T19:31:57.106256+00:00,10975.0,20,52,93,20
2025-10-05T19:31:58.173385+00:00,18932.8,20,52,93,20
2025-10-05T19:31:59.234000+00:00,22131.2,20,52,93,20
2025-10-05T19:32:00.323204+00:00,14270.3,20,52,93,19
2025-10-05T19:32:01.326844+00:00,481861.0,40,50,89,0
2025-10-05T19:32:02.334459+00:00,0.0,20,40,85,0
2025-10-05T19:32:03.341079+00:00,0.0,20,40,85,0
2025-10-05T19:32:04.346747+00:00,0.0,20,40,85,0
2025-10-05T19:32:05.352216+00:00,0.0,20,40,85,0
2025-10-05T19:32:06.362260+00:00,0.0,20,40,85,0
2025-10-05T19:32:07.368431+00:00,0.0,20,40,85,0
2025-10-05T19:32:08.375907+00:00,0.0,20,40,85,0
2025-10-05T19:32:09.381594+00:00,0.0,20,40,85,0
2025-10-05T19:32:10.383627+00:00,0.0,20,40,85,0
2025-10-05T19:32:11.389301+00:00,0.0,20,40,85,0
2025-10-05T19:32:12.396888+00:00,0.0,20,40,85,0
2025-10-05T19:32:13.403639+00:00,0.0,20,40,85,0
2025-10-05T19:32:14.407312+00:00,0.0,20,40,85,0
2025-10-05T19:32:15.408330+00:00,0.0,20,40,85,0
2025-10-05T19:32:16.416576+00:00,0.0,20,40,85,0
2025-10-05T19:32:17.422546+00:00,0.0,20,40,85,0
2025-10-05T19:32:18.430180+00:00,0.0,20,40,85,0
2025-10-05T19:32:19.437033+00:00,0.0,20,40,85,0
2025-10-05T19:32:20.454465+00:00,0.0,20,40,85,0
2025-10-05T19:32:21.460684+00:00,0.0,20,40,85,0
2025-10-05T19:32:22.468143+00:00,0.0,20,40,85,0
2025-10-05T19:32:23.474046+00:00,0.0,20,40,85,0
2025-10-05T19:32:24.481877+00:00,0.0,20,40,85,0
2025-10-05T19:32:25.535546+00:00,0.0,20,40,85,0
2025-10-05T19:32:26.542244+00:00,0.0,20,40,85,0
2025-10-05T19:32:27.548963+00:00,0.0,20,40,85,0
2025-10-05T19:32:28.549931+00:00,0.0,20,40,85,0
2025-10-05T19:32:29.554633+00:00,0.0,20,40,85,0
2025-10-05T19:32:30.560698+00:00,0.0,20,40,85,0
2025-10-05T19:32:31.564936+00:00,0.0,20,40,85,0
2025-10-05T19:32:32.571220+00:00,0.0,20,40,85,0
2025-10-05T19:32:33.576975+00:00,0.0,20,40,85,0
2025-10-05T19:32:34.579267+00:00,0.0,20,40,85,0
2025-10-05T19:32:35.584080+00:00,0.0,20,40,85,0
2025-10-05T19:32:36.587102+00:00,0.0,20,40,85,0
2025-10-05T19:32:37.592863+00:00,0.0,20,40,85,0
2025-10-05T19:32:38.597824+00:00,0.0,20,40,85,0
2025-10-05T19:32:39.603513+00:00,0.0,20,40,85,0
2025-10-05T19:32:40.605824+00:00,0.0,20,40,85,0
2025-10-05T19:32:41.613547+00:00,0.0,20,40,85,0
2025-10-05T19:32:42.619559+00:00,0.0,20,40,85,0
2025-10-05T19:32:43.625234+00:00,0.0,20,40,85,0
2025-10-05T19:32:44.632172+00:00,0.0,20,40,85,0
2025-10-05T19:32:45.637278+00:00,0.0,20,40,85,0
2025-10-05T19:32:46.642874+00:00,0.0,20,40,85,0
2025-10-05T19:32:47.649757+00:00,0.0,20,40,85,0
2025-10-05T19:32:48.651987+00:00,0.0,20,40,85,0
2025-10-05T19:32:49.657614+00:00,0.0,20,40,85,0
2025-10-05T19:32:50.665126+00:00,0.0,20,40,85,0
2025-10-05T19:32:51.670212+00:00,0.0,20,40,85,0
2025-10-05T19:32:52.681964+00:00,0.0,20,40,85,0
2025-10-05T19:32:53.685812+00:00,0.0,20,40,85,0
2025-10-05T19:32:54.688571+00:00,0.0,20,40,85,0
2025-10-05T19:32:55.694171+00:00,0.0,20,40,85,0
2025-10-05T19:32:56.708211+00:00,0.0,20,40,85,0
2025-10-05T19:32:57.712241+00:00,0.0,20,40,85,0
2025-10-05T19:32:58.718180+00:00,0.0,20,40,85,0
2025-10-05T19:32:59.723809+00:00,0.0,20,40,85,0
2025-10-05T19:33:00.729417+00:00,0.0,20,40,85,0
2025-10-05T19:33:01.731452+00:00,0.0,20,40,85,0
2025-10-05T19:33:02.737085+00:00,0.0,20,40,85,0
2025-10-05T19:33:03.743130+00:00,0.0,20,40,85,0
2025-10-05T19:33:04.748969+00:00,0.0,20,40,85,0
2025-10-05T19:33:05.754626+00:00,0.0,20,40,85,0
2025-10-05T19:33:06.761363+00:00,0.0,20,40,85,0
2025-10-05T19:33:07.762788+00:00,0.0,20,40,85,0
2025-10-05T19:33:08.773486+00:00,0.0,20,40,85,0
2025-10-05T19:33:09.779227+00:00,0.0,20,40,85,0
2025-10-05T19:33:10.785902+00:00,0.0,20,40,85,0
2025-10-05T19:33:11.791882+00:00,0.0,20,40,85,0
2025-10-05T19:33:12.796436+00:00,0.0,20,40,85,0
2025-10-05T19:33:13.802047+00:00,0.0,20,40,85,0
2025-10-05T19:33:14.813200+00:00,0.0,20,40,85,0
2025-10-05T19:33:15.818877+00:00,0.0,20,40,85,0
2025-10-05T19:33:16.824469+00:00,0.0,20,40,85,0
2025-10-05T19:33:17.831325+00:00,0.0,20,40,85,0
2025-10-05T19:33:18.836778+00:00,0.0,20,40,85,0
2025-10-05T19:33:19.838867+00:00,0.0,20,40,85,0
2025-10-05T19:33:20.847737+00:00,0.0,20,40,85,0
2025-10-05T19:33:21.850476+00:00,0.0,20,40,85,0
2025-10-05T19:33:22.856077+00:00,0.0,20,40,85,0
2025-10-05T19:33:23.859529+00:00,0.0,20,40,85,0
2025-10-05T19:33:24.865242+00:00,0.0,20,40,85,0
2025-10-05T19:33:25.872238+00:00,0.0,20,40,85,0
2025-10-05T19:33:26.878611+00:00,0.0,20,40,85,0
2025-10-05T19:33:27.885333+00:00,0.0,20,40,85,0
2025-10-05T19:33:28.892691+00:00,0.0,20,40,85,0
2025-10-05T19:33:29.897489+00:00,0.0,20,40,85,0
2025-10-05T19:33:30.903429+00:00,0.0,20,40,85,0
2025-10-05T19:33:31.910757+00:00,0.0,20,40,85,0
2025-10-05T19:33:32.921098+00:00,0.0,20,40,85,0
2025-10-05T19:33:33.926760+00:00,0.0,20,40,85,0
2025-10-05T19:33:34.932571+00:00,0.0,20,40,85,0
2025-10-05T19:33:35.938807+00:00,0.0,20,40,85,0
2025-10-05T19:33:36.946372+00:00,0.0,20,40,85,0
2025-10-05T19:33:37.948867+00:00,0.0,20,40,85,0
2025-10-05T19:33:38.959504+00:00,0.0,20,40,85,0
2025-10-05T19:33:39.965336+00:00,0.0,20,40,85,0
2025-10-05T19:33:40.971311+00:00,0.0,20,40,85,0
2025-10-05T19:33:41.976939+00:00,0.0,20,40,85,0
2025-10-05T19:33:42.980451+00:00,0.0,20,40,85,0
2025-10-05T19:33:43.986399+00:00,0.0,20,40,85,0
2025-10-05T19:33:44.997120+00:00,0.0,20,40,85,0
2025-10-05T19:33:46.002869+00:00,0.0,20,40,85,0
2025-10-05T19:33:47.010328+00:00,0.0,20,40,85,0
2025-10-05T19:33:48.014375+00:00,0.0,20,40,85,0
2025-10-05T19:33:49.020116+00:00,0.0,20,40,85,0
2025-10-05T19:33:50.035947+00:00,0.0,20,40,85,0
2025-10-05T19:33:51.068950+00:00,0.0,20,40,85,0
2025-10-05T19:33:52.078493+00:00,0.0,20,40,85,0
2025-10-05T19:33:53.085084+00:00,0.0,20,40,85,0
2025-10-05T19:33:54.090741+00:00,0.0,20,40,85,0
2025-10-05T19:33:55.095306+00:00,0.0,20,40,85,0
2025-10-05T19:33:56.170471+00:00,0.0,20,40,85,0
2025-10-05T19:33:57.180359+00:00,0.0,20,40,85,0
2025-10-05T19:33:58.186933+00:00,0.0,20,40,85,0
2025-10-05T19:33:59.190432+00:00,0.0,20,40,85,0
2025-10-05T19:34:00.197670+00:00,0.0,20,40,85,0
2025-10-05T19:34:01.204583+00:00,0.0,20,40,85,0
2025-10-05T19:34:02.210547+00:00,0.0,20,40,85,0
2025-10-05T19:34:03.215868+00:00,0.0,20,40,85,0
2025-10-05T19:34:04.224189+00:00,0.0,20,40,85,0
2025-10-05T19:34:05.231118+00:00,0.0,20,40,85,0
2025-10-05T19:34:06.237464+00:00,0.0,20,40,85,0
2025-10-05T19:34:07.239640+00:00,0.0,20,40,85,0
2025-10-05T19:34:08.245263+00:00,0.0,20,40,85,0
2025-10-05T19:34:09.253077+00:00,0.0,20,40,85,0
2025-10-05T19:34:10.263395+00:00,0.0,20,40,85,0
2025-10-05T19:34:11.269049+00:00,0.0,20,40,85,0
2025-10-05T19:34:12.274925+00:00,0.0,20,40,85,0
2025-10-05T19:34:13.280986+00:00,0.0,20,40,85,0
2025-10-05T19:34:14.286676+00:00,0.0,20,40,85,0
2025-10-05T19:34:15.292585+00:00,0.0,20,40,85,0
2025-10-05T19:34:16.298434+00:00,0.0,20,40,85,0
2025-10-05T19:34:17.309271+00:00,0.0,20,40,85,0
2025-10-05T19:34:18.315025+00:00,0.0,20,40,85,0
2025-10-05T19:34:19.317868+00:00,0.0,20,40,85,0
2025-10-05T19:34:20.323720+00:00,0.0,20,40,85,0
2025-10-05T19:34:21.329496+00:00,0.0,20,40,85,0
2025-10-05T19:34:22.335400+00:00,0.0,20,40,85,0
2025-10-05T19:34:23.344198+00:00,0.0,20,40,85,0
2025-10-05T19:34:24.349976+00:00,0.0,20,40,85,0
2025-10-05T19:34:25.367157+00:00,0.0,20,40,85,0
2025-10-05T19:34:26.372912+00:00,0.0,20,40,85,0
2025-10-05T19:34:27.378527+00:00,0.0,20,40,85,0
2025-10-05T19:34:28.382077+00:00,0.0,20,40,85,0
2025-10-05T19:34:29.393966+00:00,0.0,20,40,85,0
2025-10-05T19:34:30.399596+00:00,0.0,20,40,85,0
2025-10-05T19:34:31.405615+00:00,0.0,20,40,85,0
2025-10-05T19:34:32.407836+00:00,0.0,20,40,85,0
2025-10-05T19:34:33.416591+00:00,0.0,20,40,85,0
2025-10-05T19:34:34.420783+00:00,0.0,20,40,85,0
2025-10-05T19:34:35.432937+00:00,0.0,20,40,85,0
2025-10-05T19:34:36.440927+00:00,0.0,20,40,85,0
2025-10-05T19:34:37.446956+00:00,0.0,20,40,85,0
2025-10-05T19:34:38.452726+00:00,0.0,20,40,85,0
2025-10-05T19:34:39.458983+00:00,0.0,20,40,85,0
2025-10-05T19:34:40.464866+00:00,0.0,20,40,85,0
2025-10-05T19:34:41.473640+00:00,0.0,20,40,85,0
2025-10-05T19:34:42.479561+00:00,0.0,20,40,85,0
2025-10-05T19:34:43.485500+00:00,0.0,20,40,85,0
2025-10-05T19:34:44.491108+00:00,0.0,20,40,85,0
2025-10-05T19:34:45.496714+00:00,0.0,20,40,85,0
2025-10-05T19:34:46.502157+00:00,0.0,20,40,85,0
2025-10-05T19:34:47.515038+00:00,0.0,20,40,85,0
2025-10-05T19:34:48.520674+00:00,0.0,20,40,85,0
2025-10-05T19:34:49.527632+00:00,0.0,20,40,85,0
2025-10-05T19:34:50.532277+00:00,0.0,20,40,85,0
2025-10-05T19:34:51.538634+00:00,0.0,20,40,85,0
2025-10-05T19:34:52.544600+00:00,0.0,20,40,85,0
2025-10-05T19:34:53.555176+00:00,0.0,20,40,85,0
2025-10-05T19:34:54.563711+00:00,0.0,20,40,85,0
2025-10-05T19:34:55.565842+00:00,0.0,20,40,85,0
2025-10-05T19:34:56.574142+00:00,0.0,20,40,85,0
2025-10-05T19:34:57.577214+00:00,0.0,20,40,85,0
2025-10-05T19:34:58.583062+00:00,0.0,20,40,85,0
2025-10-05T19:34:59.596236+00:00,0.0,20,40,85,0
2025-10-05T19:35:00.598692+00:00,0.0,20,40,85,0
2025-10-05T19:35:01.604322+00:00,0.0,20,40,85,0
2025-10-05T19:35:02.606546+00:00,0.0,20,40,85,0
2025-10-05T19:35:03.612443+00:00,0.0,20,40,85,0
2025-10-05T19:35:04.618124+00:00,0.0,20,40,85,0
2025-10-05T19:35:05.628678+00:00,0.0,20,40,85,0
2025-10-05T19:35:06.635416+00:00,0.0,20,40,85,0
2025-10-05T19:35:07.641586+00:00,0.0,20,40,85,0
2025-10-05T19:35:08.648086+00:00,0.0,20,40,85,0
2025-10-05T19:35:09.654756+00:00,0.0,20,40,85,0
2025-10-05T19:35:10.660693+00:00,0.0,20,40,85,0
2025-10-05T19:35:11.671525+00:00,0.0,20,40,85,0
2025-10-05T19:35:12.677337+00:00,0.0,20,40,85,0
2025-10-05T19:35:13.683170+00:00,0.0,20,40,85,0
2025-10-05T19:35:14.688783+00:00,0.0,20,40,85,0
2025-10-05T19:35:15.697266+00:00,0.0,20,40,85,0
2025-10-05T19:35:16.702688+00:00,0.0,20,40,85,0
2025-10-05T19:35:17.713006+00:00,0.0,20,40,85,0
2025-10-05T19:35:18.720024+00:00,0.0,20,40,85,0
2025-10-05T19:35:19.724509+00:00,0.0,20,40,85,0
2025-10-05T19:35:20.730923+00:00,0.0,20,40,85,0
2025-10-05T19:35:21.739794+00:00,0.0,20,40,85,0
2025-10-05T19:35:22.744587+00:00,0.0,20,40,85,0
2025-10-05T19:35:23.749002+00:00,0.0,20,40,85,0
2025-10-05T19:35:24.754912+00:00,0.0,20,40,85,0
2025-10-05T19:35:25.761595+00:00,0.0,20,40,85,0
2025-10-05T19:35:26.767263+00:00,0.0,20,40,85,0
2025-10-05T19:35:27.773496+00:00,0.0,20,40,85,0
2025-10-05T19:35:28.779252+00:00,0.0,20,40,85,0
2025-10-05T19:35:29.785387+00:00,0.0,20,40,85,0
2025-10-05T19:35:30.791384+00:00,0.0,20,40,85,0
2025-10-05T19:35:31.797115+00:00,0.0,20,40,85,0
2025-10-05T19:35:32.802786+00:00,0.0,20,40,85,0
2025-10-05T19:35:33.808995+00:00,0.0,20,40,85,0
2025-10-05T19:35:34.814696+00:00,0.0,20,40,85,0
2025-10-05T19:35:35.820607+00:00,0.0,20,40,85,0
2025-10-05T19:35:36.825409+00:00,0.0,20,40,85,0
2025-10-05T19:35:37.831500+00:00,0.0,20,40,85,0
2025-10-05T19:35:38.838938+00:00,0.0,20,40,85,0
2025-10-05T19:35:39.844661+00:00,0.0,20,40,85,0
2025-10-05T19:35:40.852704+00:00,0.0,20,40,85,0
2025-10-05T19:35:41.859301+00:00,0.0,20,40,85,0
2025-10-05T19:35:42.864024+00:00,0.0,20,40,85,0
2025-10-05T19:35:43.871147+00:00,0.0,20,40,85,0
2025-10-05T19:35:44.874775+00:00,0.0,20,40,85,0
2025-10-05T19:35:45.880318+00:00,0.0,20,40,85,0
2025-10-05T19:35:46.886545+00:00,0.0,20,40,85,0
2025-10-05T19:35:47.888419+00:00,0.0,20,40,85,0
2025-10-05T19:35:48.894013+00:00,0.0,20,40,85,0
2025-10-05T19:35:49.901191+00:00,0.0,20,40,85,0
2025-10-05T19:35:50.904540+00:00,0.0,20,40,85,0
2025-10-05T19:35:51.910171+00:00,0.0,20,40,85,0
2025-10-05T19:35:52.916028+00:00,0.0,20,40,85,0
2025-10-05T19:35:53.921901+00:00,0.0,20,40,85,0
2025-10-05T19:35:54.928513+00:00,0.0,20,40,85,0
2025-10-05T19:35:55.934707+00:00,0.0,20,40,85,0
2025-10-05T19:35:56.941189+00:00,0.0,20,40,85,0
2025-10-05T19:35:57.947183+00:00,0.0,20,40,85,0
2025-10-05T19:35:58.952837+00:00,0.0,20,40,85,0
2025-10-05T19:35:59.969811+00:00,0.0,20,40,85,0
2025-10-05T19:36:00.973255+00:00,0.0,20,40,85,0
2025-10-05T19:36:01.979047+00:00,0.0,20,40,85,0
2025-10-05T19:36:02.984892+00:00,0.0,20,40,85,0
2025-10-05T19:36:03.990877+00:00,0.0,20,40,85,0
2025-10-05T19:36:04.996572+00:00,0.0,20,40,85,0
2025-10-05T19:36:06.002250+00:00,0.0,20,40,85,0
2025-10-05T19:36:07.020398+00:00,0.0,20,40,85,0
2025-10-05T19:36:08.026123+00:00,0.0,20,40,85,0
2025-10-05T19:36:09.031809+00:00,0.0,20,40,85,0
2025-10-05T19:36:10.037935+00:00,0.0,20,40,85,0
2025-10-05T19:36:11.044413+00:00,0.0,20,40,85,0
2025-10-05T19:36:12.048623+00:00,0.0,20,40,85,0
2025-10-05T19:36:13.055402+00:00,0.0,20,40,85,0
2025-10-05T19:36:14.061201+00:00,0.0,20,40,85,0
2025-10-05T19:36:15.066767+00:00,0.0,20,40,85,0
2025-10-05T19:36:16.073693+00:00,0.0,20,40,85,0
2025-10-05T19:36:17.080371+00:00,0.0,20,40,85,0
2025-10-05T19:36:18.086237+00:00,0.0,20,40,85,0
2025-10-05T19:36:19.092511+00:00,0.0,20,40,85,0
2025-10-05T19:36:20.098880+00:00,0.0,20,40,85,0
2025-10-05T19:36:21.102851+00:00,0.0,20,40,85,0
2025-10-05T19:36:22.105917+00:00,0.0,20,40,85,0
2025-10-05T19:36:23.116787+00:00,0.0,20,40,85,0
2025-10-05T19:36:24.124254+00:00,0.0,20,40,85,0
2025-10-05T19:36:25.127966+00:00,0.0,20,40,85,0
2025-10-05T19:36:26.133764+00:00,0.0,20,40,85,0
2025-10-05T19:36:27.139354+00:00,0.0,20,40,85,0
2025-10-05T19:36:28.143198+00:00,0.0,20,40,85,0
2025-10-05T19:36:29.148859+00:00,0.0,20,40,85,0
2025-10-05T19:36:30.159785+00:00,0.0,20,40,85,0
2025-10-05T19:36:31.165780+00:00,0.0,20,40,85,0
2025-10-05T19:36:32.171444+00:00,0.0,20,40,85,0
2025-10-05T19:36:33.177366+00:00,0.0,20,40,85,0
2025-10-05T19:36:34.183089+00:00,0.0,20,40,85,0
2025-10-05T19:36:35.188720+00:00,0.0,20,40,85,0
2025-10-05T19:36:36.201951+00:00,0.0,20,40,85,0
2025-10-05T19:36:37.207747+00:00,0.0,20,40,85,0
2025-10-05T19:36:38.212346+00:00,0.0,20,40,85,0
2025-10-05T19:36:39.219150+00:00,0.0,20,40,85,0
2025-10-05T19:36:40.225776+00:00,0.0,20,40,85,0
2025-10-05T19:36:41.230591+00:00,0.0,20,40,85,0
2025-10-05T19:36:42.242320+00:00,0.0,20,40,85,0
2025-10-05T19:36:43.248104+00:00,0.0,20,40,85,0
2025-10-05T19:36:44.253720+00:00,0.0,20,40,85,0
2025-10-05T19:36:45.260784+00:00,0.0,20,40,85,0
2025-10-05T19:36:46.264296+00:00,0.0,20,40,85,0
2025-10-05T19:36:47.269978+00:00,0.0,20,40,85,0
2025-10-05T19:36:48.274578+00:00,0.0,20,40,85,0
2025-10-05T19:36:49.284619+00:00,0.0,20,40,85,0
2025-10-05T19:36:50.290228+00:00,0.0,20,40,85,0
2025-10-05T19:36:51.291770+00:00,0.0,20,40,85,0
2025-10-05T19:36:52.294150+00:00,0.0,20,40,85,0
2025-10-05T19:36:53.300982+00:00,0.0,20,40,85,0
2025-10-05T19:36:54.307167+00:00,0.0,20,40,85,0
2025-10-05T19:36:55.317887+00:00,0.0,20,40,85,0
2025-10-05T19:36:56.323535+00:00,0.0,20,40,85,0
2025-10-05T19:36:57.330408+00:00,0.0,20,40,85,0
2025-10-05T19:36:58.336419+00:00,0.0,20,40,85,0
2025-10-05T19:36:59.342500+00:00,0.0,20,40,85,0
2025-10-05T19:37:00.348163+00:00,0.0,20,40,85,0
2025-10-05T19:37:01.358379+00:00,0.0,20,40,85,0
2025-10-05T19:37:02.360685+00:00,0.0,20,40,85,0
2025-10-05T19:37:03.363106+00:00,0.0,20,40,85,0
2025-10-05T19:37:04.368710+00:00,0.0,20,40,85,0
2025-10-05T19:37:05.373010+00:00,0.0,20,40,85,0
2025-10-05T19:37:06.378538+00:00,0.0,20,40,85,0
2025-10-05T19:37:07.388335+00:00,0.0,20,40,85,0
2025-10-05T19:37:08.394942+00:00,0.0,20,40,85,0
2025-10-05T19:37:09.398566+00:00,0.0,20,40,85,0
2025-10-05T19:37:10.404197+00:00,0.0,20,40,85,0
2025-10-05T19:37:11.411562+00:00,0.0,20,40,85,0
2025-10-05T19:37:12.416960+00:00,0.0,20,40,85,0
2025-10-05T19:37:13.424937+00:00,0.0,20,40,85,0
2025-10-05T19:37:14.432834+00:00,0.0,20,40,85,0
2025-10-05T19:37:15.436955+00:00,0.0,20,40,85,0
2025-10-05T19:37:16.442568+00:00,0.0,20,40,85,0
2025-10-05T19:37:17.449926+00:00,0.0,20,40,85,0
2025-10-05T19:37:18.454984+00:00,0.0,20,40,85,0
2025-10-05T19:37:19.465555+00:00,0.0,20,40,85,0
2025-10-05T19:37:20.473705+00:00,0.0,20,40,85,0
2025-10-05T19:37:21.484505+00:00,0.0,20,40,85,0
2025-10-05T19:37:22.488631+00:00,0.0,20,40,85,0
2025-10-05T19:37:23.494764+00:00,0.0,20,40,85,0
2025-10-05T19:37:24.500629+00:00,0.0,20,40,85,0
2025-10-05T19:37:25.513283+00:00,0.0,20,40,85,0
2025-10-05T19:37:26.516798+00:00,0.0,20,40,85,0
2025-10-05T19:37:27.522467+00:00,0.0,20,40,85,0
2025-10-05T19:37:28.528312+00:00,0.0,20,40,85,0
2025-10-05T19:37:29.534189+00:00,0.0,20,40,85,0
2025-10-05T19:37:30.539866+00:00,0.0,20,40,85,0
2025-10-05T19:37:31.545727+00:00,0.0,20,40,85,0
2025-10-05T19:37:32.557055+00:00,0.0,20,40,85,0
2025-10-05T19:37:33.562884+00:00,0.0,20,40,85,0
2025-10-05T19:37:34.569012+00:00,0.0,20,40,85,0
2025-10-05T19:37:35.574990+00:00,0.0,20,40,85,0
2025-10-05T19:37:36.576972+00:00,0.0,20,40,85,0
2025-10-05T19:37:37.580741+00:00,0.0,20,40,85,0
2025-10-05T19:37:38.590069+00:00,0.0,20,40,85,0
2025-10-05T19:37:39.595745+00:00,0.0,20,40,85,0
2025-10-05T19:37:40.601389+00:00,0.0,20,40,85,0
2025-10-05T19:37:41.607636+00:00,0.0,20,40,85,0
2025-10-05T19:37:42.613357+00:00,0.0,20,40,85,0
2025-10-05T19:37:43.619229+00:00,0.0,20,40,85,0
2025-10-05T19:37:44.631353+00:00,0.0,20,40,85,0
2025-10-05T19:37:45.637111+00:00,0.0,20,40,85,0
2025-10-05T19:37:46.642752+00:00,0.0,20,40,85,0
2025-10-05T19:37:47.648685+00:00,0.0,20,40,85,0
2025-10-05T19:37:48.654599+00:00,0.0,20,40,85,0
2025-10-05T19:37:49.660286+00:00,0.0,20,40,85,0
2025-10-05T19:37:50.670567+00:00,0.0,20,40,85,0
2025-10-05T19:37:51.676787+00:00,0.0,20,40,85,0
2025-10-05T19:37:52.683696+00:00,0.0,20,40,85,0
2025-10-05T19:37:53.689620+00:00,0.0,20,40,85,0
2025-10-05T19:37:54.695233+00:00,0.0,20,40,85,0
2025-10-05T19:37:55.702135+00:00,0.0,20,40,85,0
2025-10-05T19:37:56.712789+00:00,0.0,20,40,85,0
2025-10-05T19:37:57.718831+00:00,0.0,20,40,85,0
2025-10-05T19:37:58.724633+00:00,0.0,20,40,85,0
2025-10-05T19:37:59.730286+00:00,0.0,20,40,85,0
2025-10-05T19:38:00.733279+00:00,0.0,20,40,85,0
2025-10-05T19:38:01.739645+00:00,0.0,20,40,85,0
2025-10-05T19:38:02.749852+00:00,0.0,20,40,85,0
2025-10-05T19:38:03.755647+00:00,0.0,20,40,85,0
2025-10-05T19:38:04.761532+00:00,0.0,20,40,85,0
2025-10-05T19:38:05.767168+00:00,0.0,20,40,85,0
2025-10-05T19:38:06.774596+00:00,0.0,20,40,85,0
2025-10-05T19:38:07.781776+00:00,0.0,20,40,85,0
2025-10-05T19:38:08.792457+00:00,0.0,20,40,85,0
2025-10-05T19:38:09.798321+00:00,0.0,20,40,85,0
2025-10-05T19:38:10.804506+00:00,0.0,20,40,85,0
2025-10-05T19:38:11.810219+00:00,0.0,20,40,85,0
2025-10-05T19:38:12.816010+00:00,0.0,20,40,85,0
2025-10-05T19:38:13.822356+00:00,0.0,20,40,85,0
2025-10-05T19:38:14.838676+00:00,0.0,20,40,85,0
2025-10-05T19:38:15.844411+00:00,0.0,20,40,85,0
2025-10-05T19:38:16.845804+00:00,0.0,20,40,85,0
2025-10-05T19:38:17.851535+00:00,0.0,20,40,85,0
2025-10-05T19:38:18.857180+00:00,0.0,20,40,85,0
2025-10-05T19:38:19.863702+00:00,0.0,20,40,85,0
2025-10-05T19:38:20.874054+00:00,0.0,20,40,85,0
2025-10-05T19:38:21.878922+00:00,0.0,20,40,85,0
2025-10-05T19:38:22.884786+00:00,0.0,20,40,85,0
2025-10-05T19:38:23.890445+00:00,0.0,20,40,85,0
2025-10-05T19:38:24.896344+00:00,0.0,20,40,85,0
2025-10-05T19:38:25.902289+00:00,0.0,20,40,85,0
2025-10-05T19:38:26.913057+00:00,0.0,20,40,85,0
2025-10-05T19:38:27.918838+00:00,0.0,20,40,85,0
2025-10-05T19:38:28.924817+00:00,0.0,20,40,85,0
2025-10-05T19:38:29.930508+00:00,0.0,20,40,85,0
2025-10-05T19:38:30.931835+00:00,0.0,20,40,85,0
2025-10-05T19:38:31.937946+00:00,0.0,20,40,85,0
2025-10-05T19:38:32.943533+00:00,0.0,20,40,85,0
2025-10-05T19:38:33.951186+00:00,0.0,20,40,85,0
2025-10-05T19:38:34.957570+00:00,0.0,20,40,85,0
2025-10-05T19:38:35.963289+00:00,0.0,20,40,85,0
2025-10-05T19:38:36.969887+00:00,0.0,20,40,85,0
2025-10-05T19:38:37.973359+00:00,0.0,20,40,85,0
2025-10-05T19:38:38.979038+00:00,0.0,20,40,85,0
2025-10-05T19:38:39.986869+00:00,0.0,20,40,85,0
2025-10-05T19:38:40.995500+00:00,0.0,20,40,85,0
2025-10-05T19:38:42.001312+00:00,0.0,20,40,85,0
2025-10-05T19:38:43.008804+00:00,0.0,20,40,85,0
2025-10-05T19:38:44.013823+00:00,0.0,20,40,85,0
2025-10-05T19:38:45.019457+00:00,0.0,20,40,85,0
2025-10-05T19:38:46.027263+00:00,0.0,20,40,85,0
2025-10-05T19:38:47.036113+00:00,0.0,20,40,85,0
2025-10-05T19:38:48.041714+00:00,0.0,20,40,85,0
2025-10-05T19:40:32.331536+00:00,0.0,20,40,85,1
2025-10-05T19:40:33.504561+00:00,350.8,25,42,89,20
2025-10-05T19:40:34.568161+00:00,20317.0,20,52,93,20
2025-10-05T19:40:35.704339+00:00,9990.8,20,52,93,20
2025-10-05T19:40:36.831173+00:00,22941.1,20,50,101,0
2025-10-05T19:40:37.842538+00:00,0.0,20,40,85,0
2025-10-05T19:40:39.067506+00:00,5429.5,20,52,93,20
2025-10-05T19:40:40.184019+00:00,10621.8,20,52,93,20
2025-10-05T19:40:42.033958+00:00,2864.4,20,52,93,20
2025-10-05T19:40:44.870900+00:00,1418.3,20,50,101,19
2025-10-05T19:40:46.008774+00:00,11099.2,40,50,89,0
2025-10-05T19:40:47.064340+00:00,0.0,20,40,85,0
2025-10-05T19:40:48.138592+00:00,0.0,20,40,85,0
2025-10-05T19:40:49.320259+00:00,0.0,20,40,85,0
2025-10-05T19:40:50.342595+00:00,0.0,20,40,85,0
2025-10-05T19:40:51.380388+00:00,0.0,20,40,85,0
2025-10-05T19:40:52.415293+00:00,0.0,20,40,85,0
2025-10-05T19:40:53.435129+00:00,0.0,20,40,85,0
2025-10-05T19:40:54.536027+00:00,0.0,20,40,85,0
2025-10-05T19:40:55.568052+00:00,0.0,20,40,85,0
2025-10-05T19:40:56.593688+00:00,0.0,20,40,85,0
2025-10-05T19:40:57.918808+00:00,0.0,20,40,85,0
2025-10-05T19:40:58.934564+00:00,0.0,20,40,85,0
2025-10-05T19:40:59.974691+00:00,0.0,20,40,85,0
2025-10-05T19:41:01.048639+00:00,0.0,20,40,85,0
2025-10-05T19:41:02.416902+00:00,0.0,20,40,85,0
2025-10-05T19:41:03.424519+00:00,0.0,20,40,85,0
2025-10-05T19:41:04.440224+00:00,0.0,20,40,85,0
2025-10-05T19:41:05.524773+00:00,0.0,20,40,85,0
2025-10-05T19:41:06.548552+00:00,0.0,20,40,85,0
2025-10-05T19:41:07.605743+00:00,0.0,20,40,85,0
2025-10-05T19:41:08.640615+00:00,0.0,20,40,85,0
2025-10-05T19:41:09.673758+00:00,0.0,20,40,85,0
2025-10-05T19:41:10.721151+00:00,0.0,20,40,85,0
2025-10-05T19:41:11.769016+00:00,0.0,20,40,85,0
2025-10-05T19:41:12.900048+00:00,0.0,20,40,85,0
2025-10-05T19:41:13.912112+00:00,0.0,20,40,85,0
2025-10-05T19:41:14.944073+00:00,0.0,20,40,85,0
2025-10-05T19:41:16.026192+00:00,0.0,20,40,85,0
2025-10-05T19:41:17.107354+00:00,0.0,20,40,85,0
2025-10-05T19:41:18.140143+00:00,0.0,20,40,85,0
2025-10-05T19:41:19.159429+00:00,0.0,20,40,85,0
2025-10-05T19:41:20.181039+00:00,0.0,20,40,85,0
2025-10-05T19:41:21.237375+00:00,0.0,20,40,85,0
2025-10-05T19:41:22.265485+00:00,0.0,20,40,85,0
2025-10-05T19:41:23.280273+00:00,0.0,20,40,85,0
2025-10-05T19:41:24.316829+00:00,0.0,20,40,85,0
2025-10-05T19:41:25.390084+00:00,0.0,20,40,85,0
2025-10-05T19:41:26.454741+00:00,0.0,20,40,85,0
2025-10-05T19:41:27.557646+00:00,0.0,20,40,85,0
2025-10-05T19:41:28.712747+00:00,0.0,20,40,85,0
2025-10-05T19:41:29.791247+00:00,0.0,20,40,85,0
2025-10-05T19:41:31.017946+00:00,0.0,20,40,85,0
2025-10-05T19:41:32.240963+00:00,0.0,20,40,85,0
2025-10-05T19:41:33.276852+00:00,0.0,20,40,85,0
2025-10-05T19:41:34.377432+00:00,0.0,20,40,85,0
2025-10-05T19:41:35.396912+00:00,0.0,20,40,85,0
2025-10-05T19:41:36.462092+00:00,0.0,20,40,85,0
2025-10-05T19:41:37.534225+00:00,0.0,20,40,85,0
2025-10-05T19:41:38.593464+00:00,0.0,20,40,85,0
2025-10-05T19:41:39.602344+00:00,0.0,20,40,85,0
2025-10-05T19:41:40.615092+00:00,0.0,20,40,85,0
2025-10-05T19:41:41.636072+00:00,0.0,20,40,85,0
2025-10-05T19:41:42.649952+00:00,0.0,20,40,85,0
2025-10-05T19:41:43.717544+00:00,0.0,20,40,85,0
2025-10-05T19:41:44.859228+00:00,0.0,20,40,85,0
2025-10-05T19:41:45.873395+00:00,0.0,20,40,85,0
2025-10-05T19:41:46.926790+00:00,0.0,20,40,85,0
2025-10-05T19:41:47.955812+00:00,0.0,20,40,85,0
2025-10-05T19:41:49.003630+00:00,0.0,20,40,85,0
2025-10-05T19:41:50.106367+00:00,0.0,20,40,85,0
2025-10-05T19:41:51.126914+00:00,0.0,20,40,85,0
2025-10-05T19:41:52.136830+00:00,0.0,20,40,85,0
2025-10-05T19:41:53.155839+00:00,0.0,20,40,85,0
2025-10-05T19:41:54.170978+00:00,0.0,20,40,85,0
2025-10-05T19:41:55.202195+00:00,0.0,20,40,85,0
2025-10-05T19:41:56.208265+00:00,0.0,20,40,85,0
2025-10-05T19:41:57.214333+00:00,0.0,20,40,85,0
2025-10-05T19:41:58.328779+00:00,0.0,20,40,85,0
2025-10-05T19:41:59.376954+00:00,0.0,20,40,85,0
2025-10-05T19:42:00.397256+00:00,0.0,20,40,85,0
2025-10-05T19:42:01.926935+00:00,0.0,20,40,85,0
2025-10-05T19:42:02.933871+00:00,0.0,20,40,85,0
2025-10-05T19:42:03.971218+00:00,0.0,20,40,85,0
2025-10-05T19:42:04.991918+00:00,0.0,20,40,85,0
2025-10-05T19:42:06.017922+00:00,0.0,20,40,85,0
2025-10-05T19:42:07.115771+00:00,0.0,20,40,85,0
2025-10-05T19:42:08.191416+00:00,0.0,20,40,85,0
2025-10-05T19:42:09.203839+00:00,0.0,20,40,85,0
2025-10-05T19:42:10.207136+00:00,0.0,20,40,85,0
2025-10-05T19:42:11.269216+00:00,0.0,20,40,85,0
2025-10-05T19:42:12.279422+00:00,0.0,20,40,85,0
2025-10-05T19:42:13.290846+00:00,0.0,20,40,85,0
2025-10-05T19:42:14.298199+00:00,0.0,20,40,85,0
2025-10-05T19:42:15.318304+00:00,0.0,20,40,85,0
2025-10-05T19:42:16.349290+00:00,0.0,20,40,85,0
2025-10-05T19:42:17.362316+00:00,0.0,20,40,85,0
2025-10-05T19:42:18.374175+00:00,0.0,20,40,85,0
2025-10-05T19:42:19.389231+00:00,0.0,20,40,85,0
2025-10-05T19:42:20.397444+00:00,0.0,20,40,85,0
2025-10-05T19:42:21.476344+00:00,0.0,20,40,85,0
2025-10-05T19:42:22.486772+00:00,0.0,20,40,85,0
2025-10-05T19:42:23.512605+00:00,0.0,20,40,85,0
2025-10-05T19:42:24.523978+00:00,0.0,20,40,85,0
2025-10-05T19:42:25.532712+00:00,0.0,20,40,85,0
2025-10-05T19:42:26.574202+00:00,0.0,20,40,85,0
2025-10-05T19:42:27.623124+00:00,0.0,20,40,85,0
2025-10-05T19:42:28.640668+00:00,0.0,20,40,85,0
2025-10-05T19:42:29.646847+00:00,0.0,20,40,85,0
2025-10-05T19:42:30.666548+00:00,0.0,20,40,85,0
2025-10-05T19:42:31.940838+00:00,0.0,20,40,85,0
2025-10-05T19:42:32.950694+00:00,0.0,20,40,85,0
2025-10-05T19:42:33.972221+00:00,0.0,20,40,85,0
2025-10-05T19:42:34.978393+00:00,0.0,20,40,85,0
2025-10-05T19:42:35.997268+00:00,0.0,20,40,85,0
2025-10-05T19:42:37.016605+00:00,0.0,20,40,85,0
2025-10-05T19:42:38.038736+00:00,0.0,20,40,85,0
2025-10-05T19:42:39.049008+00:00,0.0,20,40,85,0
2025-10-05T19:42:40.056738+00:00,0.0,20,40,85,0
2025-10-05T19:42:41.076924+00:00,0.0,20,40,85,0
2025-10-05T19:42:42.091527+00:00,0.0,20,40,85,0
2025-10-05T19:42:43.108495+00:00,0.0,20,40,85,0
2025-10-05T19:42:44.127546+00:00,0.0,20,40,85,0
2025-10-05T19:42:45.135572+00:00,0.0,20,40,85,0
2025-10-05T19:42:46.157671+00:00,0.0,20,40,85,0
2025-10-05T19:42:47.188968+00:00,0.0,20,40,85,0
2025-10-05T19:42:48.209646+00:00,0.0,20,40,85,0
2025-10-05T19:42:49.229915+00:00,0.0,20,40,85,0
2025-10-05T19:42:50.240061+00:00,0.0,20,40,85,0
2025-10-05T19:42:51.252554+00:00,0.0,20,40,85,0
2025-10-05T19:42:52.261533+00:00,0.0,20,40,85,0
2025-10-05T19:42:53.292614+00:00,0.0,20,40,85,0
2025-10-05T19:42:54.327316+00:00,0.0,20,40,85,0
2025-10-05T19:42:55.335198+00:00,0.0,20,40,85,0
2025-10-05T19:42:56.626514+00:00,0.0,20,40,85,0
2025-10-05T19:42:57.635529+00:00,0.0,20,40,85,0
2025-10-05T19:42:59.098260+00:00,0.0,20,40,85,0
2025-10-05T19:43:00.111285+00:00,0.0,20,40,85,0
2025-10-05T19:56:08.952299+00:00,0.0,20,40,85,0
2025-10-05T19:56:10.052549+00:00,625.8,25,42,89,20
2025-10-05T19:56:11.156959+00:00,12111.4,20,52,93,20
2025-10-05T19:56:12.285036+00:00,9690.4,20,52,93,20
2025-10-05T19:56:13.375861+00:00,13489.0,20,52,93,20
2025-10-05T19:56:14.498733+00:00,10211.0,20,52,93,20
2025-10-05T19:56:15.580846+00:00,15416.1,20,52,93,20
2025-10-05T19:56:16.654048+00:00,17568.0,20,52,93,20
2025-10-05T19:56:17.727470+00:00,17569.3,20,52,93,20
2025-10-05T19:56:18.800542+00:00,17695.4,20,52,93,20
2025-10-05T19:56:19.870781+00:00,18422.9,20,52,93,19
2025-10-05T19:56:20.877638+00:00,532936.5,40,50,89,0
2025-10-05T19:56:21.883124+00:00,0.0,20,40,85,0
2025-10-05T19:56:22.891973+00:00,0.0,20,40,85,0
2025-10-05T19:56:23.894399+00:00,0.0,20,40,85,0
2025-10-05T19:56:24.900137+00:00,0.0,20,40,85,0
2025-10-05T19:56:25.906143+00:00,0.0,20,40,85,0
2025-10-05T19:56:26.909401+00:00,0.0,20,40,85,0
2025-10-05T19:56:27.914105+00:00,0.0,20,40,85,0
2025-10-05T19:56:28.919952+00:00,0.0,20,40,85,0
2025-10-05T19:56:29.925886+00:00,0.0,20,40,85,0
2025-10-05T19:56:30.931980+00:00,0.0,20,40,85,0
2025-10-05T19:56:31.938715+00:00,0.0,20,40,85,0
2025-10-05T19:56:32.940136+00:00,0.0,20,40,85,0
2025-10-05T19:56:34.008718+00:00,0.0,20,40,85,0
2025-10-05T19:56:35.010952+00:00,0.0,20,40,85,0
2025-10-05T19:56:36.020688+00:00,0.0,20,40,85,0
2025-10-05T19:56:37.029007+00:00,0.0,20,40,85,0
2025-10-05T19:56:38.090088+00:00,0.0,20,40,85,0
2025-10-05T19:56:39.110247+00:00,0.0,20,40,85,0
2025-10-05T19:56:40.118774+00:00,0.0,20,40,85,0
2025-10-05T19:56:41.169679+00:00,0.0,20,40,85,0
2025-10-05T19:56:42.190043+00:00,0.0,20,40,85,0
2025-10-05T19:56:43.198882+00:00,0.0,20,40,85,0
2025-10-05T19:56:44.204830+00:00,0.0,20,40,85,0
2025-10-05T19:56:45.208466+00:00,0.0,20,40,85,0
2025-10-05T19:56:46.214678+00:00,0.0,20,40,85,0
2025-10-05T19:56:47.220626+00:00,0.0,20,40,85,0
2025-10-05T19:56:48.222347+00:00,0.0,20,40,85,0
2025-10-05T19:56:49.225897+00:00,0.0,20,40,85,0
2025-10-05T19:56:50.232761+00:00,0.0,20,40,85,0
2025-10-05T19:56:51.237078+00:00,0.0,20,40,85,0
2025-10-05T19:56:52.242786+00:00,0.0,20,40,85,0
2025-10-05T19:56:53.244359+00:00,0.0,20,40,85,0
2025-10-05T19:56:54.253995+00:00,0.0,20,40,85,0
2025-10-05T19:56:55.260012+00:00,0.0,20,40,85,0
2025-10-05T19:56:56.388643+00:00,0.0,20,40,85,0
2025-10-05T19:56:57.410013+00:00,0.0,20,40,85,0
2025-10-05T19:56:58.414577+00:00,0.0,20,40,85,0
2025-10-05T19:56:59.420341+00:00,0.0,20,40,85,0
2025-10-05T19:57:00.426113+00:00,0.0,20,40,85,0
2025-10-05T19:57:01.430465+00:00,0.0,20,40,85,0
2025-10-05T19:57:02.436705+00:00,0.0,20,40,85,0
2025-10-05T19:57:03.442638+00:00,0.0,20,40,85,0
2025-10-05T19:57:04.445105+00:00,0.0,20,40,85,0
2025-10-05T19:57:05.450906+00:00,0.0,20,40,85,0
2025-10-05T19:57:06.453289+00:00,0.0,20,40,85,0
2025-10-05T19:57:07.459825+00:00,0.0,20,40,85,0
2025-10-05T19:57:08.466135+00:00,0.0,20,40,85,0
2025-10-05T19:57:09.470470+00:00,0.0,20,40,85,0
2025-10-05T19:57:10.475303+00:00,0.0,20,40,85,0
2025-10-05T19:57:11.477759+00:00,0.0,20,40,85,0
2025-10-05T19:57:12.482057+00:00,0.0,20,40,85,0
2025-10-05T19:57:13.486700+00:00,0.0,20,40,85,0
2025-10-05T19:57:14.487935+00:00,0.0,20,40,85,0
2025-10-05T19:57:15.492926+00:00,0.0,20,40,85,0
2025-10-05T19:57:16.495222+00:00,0.0,20,40,85,0
2025-10-05T19:57:17.517284+00:00,0.0,20,40,85,0
2025-10-05T19:57:18.523807+00:00,0.0,20,40,85,0
2025-10-05T19:57:19.533117+00:00,0.0,20,40,85,0
2025-10-05T19:57:20.543306+00:00,0.0,20,40,85,0
2025-10-05T19:57:21.553272+00:00,0.0,20,40,85,0
2025-10-05T19:57:22.559207+00:00,0.0,20,40,85,0
2025-10-05T19:57:23.563081+00:00,0.0,20,40,85,0
2025-10-05T19:57:24.589532+00:00,0.0,20,40,85,0
2025-10-05T19:57:25.596912+00:00,0.0,20,40,85,0
2025-10-05T19:57:26.601924+00:00,0.0,20,40,85,0
2025-10-05T19:57:27.604677+00:00,0.0,20,40,85,0
2025-10-05T19:57:28.612343+00:00,0.0,20,40,85,0
2025-10-05T19:57:29.618222+00:00,0.0,20,40,85,0
2025-10-05T19:57:30.627181+00:00,0.0,20,40,85,0
2025-10-05T19:57:31.633187+00:00,0.0,20,40,85,0
2025-10-05T19:57:32.634955+00:00,0.0,20,40,85,0
2025-10-05T19:57:33.641486+00:00,0.0,20,40,85,0
2025-10-05T19:57:34.648301+00:00,0.0,20,40,85,0
2025-10-05T19:57:35.653782+00:00,0.0,20,40,85,0
2025-10-05T19:57:36.658851+00:00,0.0,20,40,85,0
2025-10-05T19:57:37.664641+00:00,0.0,20,40,85,0
2025-10-05T19:57:38.670664+00:00,0.0,20,40,85,0
2025-10-05T19:57:39.676371+00:00,0.0,20,40,85,0
2025-10-05T19:57:40.682494+00:00,0.0,20,40,85,0
2025-10-05T19:57:41.688435+00:00,0.0,20,40,85,0
2025-10-05T19:57:42.693586+00:00,0.0,20,40,85,0
2025-10-05T19:57:43.738447+00:00,0.0,20,40,85,0
2025-10-05T19:57:44.749636+00:00,0.0,20,40,85,0
2025-10-05T19:57:45.756331+00:00,0.0,20,40,85,0
2025-10-05T19:57:46.760256+00:00,0.0,20,40,85,0
2025-10-05T19:57:47.765992+00:00,0.0,20,40,85,0
2025-10-05T19:57:48.771850+00:00,0.0,20,40,85,0
2025-10-05T19:57:49.775592+00:00,0.0,20,40,85,0
2025-10-05T19:57:50.781307+00:00,0.0,20,40,85,0
2025-10-05T19:57:51.784409+00:00,0.0,20,40,85,0
2025-10-05T19:57:52.789783+00:00,0.0,20,40,85,0
2025-10-05T19:57:53.793680+00:00,0.0,20,40,85,0
2025-10-05T19:57:54.799542+00:00,0.0,20,40,85,0
2025-10-05T19:57:55.801670+00:00,0.0,20,40,85,0
2025-10-05T19:57:56.806024+00:00,0.0,20,40,85,0
2025-10-05T19:57:57.811555+00:00,0.0,20,40,85,0
2025-10-05T19:57:58.817390+00:00,0.0,20,40,85,0
2025-10-05T19:57:59.823766+00:00,0.0,20,40,85,0
2025-10-05T19:58:00.829608+00:00,0.0,20,40,85,0
2025-10-05T19:58:01.839729+00:00,0.0,20,40,85,0
2025-10-05T19:58:02.845752+00:00,0.0,20,40,85,0
2025-10-05T19:58:03.851496+00:00,0.0,20,40,85,0
2025-10-05T19:58:04.852480+00:00,0.0,20,40,85,0
2025-10-05T19:58:05.855592+00:00,0.0,20,40,85,0
2025-10-05T19:58:06.862581+00:00,0.0,20,40,85,0
2025-10-05T19:58:07.868697+00:00,0.0,20,40,85,0
